[
  {
    "id": 2,
    "image": "https://pp.userapi.com/c841438/v841438271/24c6c/2Veo-yZRpQc.jpg",
    "date": "2017-08-14 07:55",
    "title": "ОБЩЕСТВО В парке «Зарядье» уничтожено около 10 тыс. растений",
    "short": "В московском парке «Зарядье» за первые два дня после открытия уничтожили около 10 тыс. растений, в том числе образцы редких видов, занесенных в Красную книгу.",
    "text": "<p>Посетители парка \"Зарядье\" за первые два дня его работы уничтожили около 10 тысяч растений, сообщают&nbsp;<a href=\"http://www.vesti.ru/doc.html?id=2932046\" target=\"_blank\">\"Вести.Ru\"</a>. Кроме того, в первый же день неизвестные повредили фрагмент стеклянного купола, который теперь придется заменить.<br /><br />Администрация парка намерена предпринять меры против вандалов, однако сначала будет налажена работа всех систем, включая видеонаблюдение. В \"Зарядье\" уже работают более 400 камер.&nbsp;<br /><br />Точный ущерб от действий неаккуратных посетителей и вандалов еще только предстоит оценить.<br /><br />Ранее сообщалось, что растения в парке страдают от вытаптывания: в прогулочных зонах есть газоны, ходить по которым запрещено, но посетители игнорируют предупреждающие об этом таблички.&nbsp;<br /><br />Некоторые гости \"Зарядья\" и вовсе решили, что если им понравился тот или иной куст, его можно смело выкопать и отвезти к себе на дачу.&nbsp;<br /><br />Полный перечень того, что пострадало в парке \"Зарядье\" в первые дни работы &ndash; в материале&nbsp;<a href=\"https://www.m24.ru/articles/%D0%BE%D0%B1%D1%89%D0%B5%D1%81%D1%82%D0%B2%D0%BE/12092017/150818\">портала Москва 24</a>.<br /><br />Вандалов, которые&nbsp;<a href=\"https://www.m24.ru/videos/%D0%B2%D0%B8%D0%B4%D0%B5%D0%BE/12092017/154463\">повредили стеклянный купол</a>&nbsp;в открывшемся парке, уже начали разыскивать полицейские. Администрация парка убеждена, что ущерб нанесен намеренно, случайно конструкцию повредить было невозможно.<span id=\"ctrlcopy\"><br />Подробнее:&nbsp;<a href=\"https://www.m24.ru/news/%D0%BF%D1%80%D0%BE%D0%B8%D1%81%D1%88%D0%B5%D1%81%D1%82%D0%B2%D0%B8%D1%8F/14092017/11707?utm_source=CopyBuf\">https://www.m24.ru/news/%D0%BF%D1%80%D0%BE%D0%B8%D1%81%D1%88%D0%B5%D1%81%D1%82%D0%B2%D0%B8%D1%8F/14092017/11707?utm_source=CopyBuf</a></span></p>",
    "visible": 1
  },
  {
    "id": 3,
    "image": "https://pp.userapi.com/c625828/v625828942/1e744/BL3KHKKjsf4.jpg",
    "date": "2017-09-01 08:21",
    "title": "Госдеп выступил за размещение миротворцев на границе России и Украины ",
    "short": "Вашингтон поддержал позицию Киева в вопросе размещения миротворцев в Донбассе. Госдеп считает, что силы ООН должны быть размещены на всей территории Донбасса вплоть до границы с Россией",
    "text": "<p>Миротворческий контингент ООН должен иметь широкий мандат, который должен распространяться на всю подконтрольную провозглашенным ДНР и ЛНР территорию вплоть до границы с Россией. Об этом заявила официальный представитель Госдепартамента США Хизер Нойерт, отвечая на соответствующий вопрос украинского агентства &laquo;Укринформ&raquo;, в ходе брифинга для иностранных журналистов.<br /><br />&laquo;Такие силы должны иметь широкий мандат для обеспечения мира и безопасности на всей оккупированной территории Украины, вплоть до границы с Россией, чтобы избежать углубления или узаконивание раскола внутри Украины&raquo;, &mdash; сказала Нойерт.<br /><br />Представитель Госдепа отметила, что размещение миротворческих сил ООН способно посодействовать восстановлению суверенитета и территориальной целостности Украины. По ее словам, Вашингтон рассматривает размещение миротворческих сил &laquo;как возможность для защиты украинских граждан независимо от их национальной принадлежности и национальности&raquo;.<br /><br />Представитель Госдепа вновь подчеркнула, что США выступают за полное выполнение минских соглашений. При этом в первую очередь, по ее словам, необходимо выполнить требование по безопасности в Донбассе. &laquo;Важно прежде всего обеспечить условия безопасности, и мы в который раз призываем Россию ввести реальный и устойчивый режим прекращения огня&raquo;, &mdash; подчеркнула Нойерт, добавив, что также необходимы отвод тяжелого вооружения и предоставление доступа наблюдателям на всей территории, вплоть до границы с Россией.<br /><br />Россия, в свою очередь, выступала с идеей размещения сил ООН на линии соприкосновения сил Украины, ЛНР и ДНР. Позднее президент России Владимир Путин допустил, что миротворцы могут находиться не только на линии соприкосновения, но и в местах, где ведет деятельность мониторинговая миссия ОБСЕ.<br /><br />Украинская сторона настаивает на размещение миротворцев на всей территории, подконтрольной самопровозглашенным ДНР и ЛНР, включая российско-украинскую границу.<br /><br />Подробнее на РБК:<br />http://www.rbc.ru/politics/14/09/2017/59b9e4d19a79472582659dec</p>",
    "visible": 1
  },
  {
    "id": 4,
    "image": "https://pp.userapi.com/c638230/v638230942/4dd9d/-Q0PvWBVx9k.jpg",
    "date": "2017-09-14 08:22",
    "title": "Котята",
    "short": "фвыафывафывафывлдаорифывлоаиыва",
    "text": "<p>фвыафывафывафывлдаорифывлоаиывафвыафывафывафывлдаорифывлоаиывафвыафывафывафывлдаорифывлоаиывафвыафывафывафывлдаорифывлоаиывафвыафывафывафывлдаорифывлоаиывафвыафывафывафывлдаорифывлоаиывафвыафывафывафывлдаорифывлоаиывафвыафывафывафывлдаорифывлоаиывафвыафывафывафывлдаорифывлоаиывафвыафывафывафывлдаорифывлоаиывафвыафывафывафывлдаорифывлоаиывафвыафывафывафывлдаорифывлоаиывафвыафывафывафывлдаорифывлоаиывафвыафывафывафывлдаорифывлоаиывафвыафывафывафывлдаорифывлоаиывафвыафывафывафывлдаорифывлоаиывафвыафывафывафывлдаорифывлоаиывафвыафывафывафывлдаорифывлоаиывафвыафывафывафывлдаорифывлоаиывафвыафывафывафывлдаорифывлоаиывафвыафывафывафывлдаорифывлоаиывафвыафывафывафывлдаорифывлоаиывафвыафывафывафывлдаорифывлоаиывафвыафывафывафывлдаорифывлоаиывафвыафывафывафывлдаорифывлоаиывафвыафывафывафывлдаорифывлоаиывафвыафывафывафывлдаорифывлоаиывафвыафывафывафывлдаорифывлоаиывафвыафывафывафывлдаорифывлоаиывафвыафывафывафывлдаорифывлоаиывафвыафывафывафывлдаорифывлоаиывафвыафывафывафывлдаорифывлоаиывафвыафывафывафывлдаорифывлоаиывафвыафывафывафывлдаорифывлоаиывафвыафывафывафывлдаорифывлоаиывафвыафывафывафывлдаорифывлоаиывафвыафывафывафывлдаорифывлоаиывафвыафывафывафывлдаорифывлоаиывафвыафывафывафывлдаорифывлоаиывафвыафывафывафывлдаорифывлоаиывафвыафывафывафывлдаорифывлоаиывафвыафывафывафывлдаорифывлоаиывафвыафывафывафывлдаорифывлоаиывафвыафывафывафывлдаорифывлоаиывафвыафывафывафывлдаорифывлоаиывафвыафывафывафывлдаорифывлоаиывафвыафывафывафывлдаорифывлоаиывафвыафывафывафывлдаорифывлоаиывафвыафывафывафывлдаорифывлоаиывафвыафывафывафывлдаорифывлоаиывафвыафывафывафывлдаорифывлоаиывафвыафывафывафывлдаорифывлоаиывафвыафывафывафывлдаорифывлоаиывафвыафывафывафывлдаорифывлоаиывафвыафывафывафывлдаорифывлоаиывафвыафывафывафывлдаорифывлоаиывафвыафывафывафывлдаорифывлоаиываммм</p>",
    "visible": 1
  },
  {
    "id": 5,
    "image": "https://pp.userapi.com/c841339/v841339550/1b235/BXibh-CATOg.jpg",
    "date": "2017-03-14 08:23",
    "title": "выаывфафыва",
    "short": "ыфвафывафывафывафывафы",
    "text": "<p>фывафывафывафффроллллллллллллллллллллллллллллллллллллллллллллллллллфывафывафывафффроллллллллллллллллллллллллллллллллллллллллллллллллллфывафывафывафффроллллллллллллллллллллллллллллллллллллллллллллллллллфывафывафывафффроллллллллллллллллллллллллллллллллллллллллллллллллллфывафывафывафффроллллллллллллллллллллллллллллллллллллллллллллллллллфывафывафывафффроллллллллллллллллллллллллллллллллллллллллллллллллллфывафывафывафффроллллллллллллллллллллллллллллллллллллллллллллллллллфывафывафывафффроллллллллллллллллллллллллллллллллллллллллллллллллллфывафывафывафффроллллллллллллллллллллллллллллллллллллллллллллллллллфывафывафывафффроллллллллллллллллллллллллллллллллллллллллллллллллллфывафывафывафффроллллллллллллллллллллллллллллллллллллллллллллллллллфывафывафывафффроллллллллллллллллллллллллллллллллллллллллллллллллллфывафывафывафффроллллллллллллллллллллллллллллллллллллллллллллллллллфывафывафывафффроллллллллллллллллллллллллллллллллллллллллллллллллллфывафывафывафффроллллллллллллллллллллллллллллллллллллллллллллллллллфывафывафывафффроллллллллллллллллллллллллллллллллллллллллллллллллллфывафывафывафффроллллллллллллллллллллллллллллллллллллллллллллллллллфывафывафывафффроллллллллллллллллллллллллллллллллллллллллллллллллллфывафывафывафффроллллллллллллллллллллллллллллллллллллллллллллллллллфывафывафывафффроллллллллллллллллллллллллллллллллллллллллллллллллллфывафывафывафффроллллллллллллллллллллллллллллллллллллллллллллллллллфывафывафывафффроллллллллллллллллллллллллллллллллллллллллллллллллллфывафывафывафффроллллллллллллллллллллллллллллллллллллллллллллллллллфывафывафывафффроллллллллллллллллллллллллллллллллллллллллллллллллллфывафывафывафффроллллллллллллллллллллллллллллллллллллллллллллллллллфывафывафывафффроллллллллллллллллллллллллллллллллллллллллллллллллллфывафывафывафффроллллллллллллллллллллллллллллллллллллллллллллллллллфывафывафывафффроллллллллллллллллллллллллллллллллллллллллллллллллллфывафывафывафффроллллллллллллллллллллллллллллллллллллллллллллллллллфывафывафывафффроллллллллллллллллллллллллллллллллллллллллллллллллллфывафывафывафффроллллллллллллллллллллллллллллллллллллллллллллллллллфывафывафывафффроллллллллллллллллллллллллллллллллллллллллллллллллллфывафывафывафффроллллллллллллллллллллллллллллллллллллллллллллллллллфывафывафывафффроллллллллллллллллллллллллллллллллллллллллллллллллллфывафывафывафффроллллллллллллллллллллллллллллллллллллллллллллллллллфывафывафывафффроллллллллллллллллллллллллллллллллллллллллллллллллллфывафывафывафффроллллллллллллллллллллллллллллллллллллллллллллллллллфывафывафывафффроллллллллллллллллллллллллллллллллллллллллллллллллллфывафывафывафффроллллллллллллллллллллллллллллллллллллллллллллллллллммм</p>",
    "visible": 1
  },
  {
    "id": 6,
    "image": "https://f4.bcbits.com/img/a2423018375_10.jpg",
    "date": "2017-09-14 08:23",
    "title": "цукййцукцуйкйцукйцук",
    "short": "йцукйцукывапваыдлптыважоипываощг",
    "text": "<p>йцукйцукывапваыдлптыважоипываощгйцукйцукывапваыдлптыважоипываощгйцукйцукывапваыдлптыважоипываощгйцукйцукывапваыдлптыважоипываощгйцукйцукывапваыдлптыважоипываощгйцукйцукывапваыдлптыважоипываощгйцукйцукывапваыдлптыважоипываощгйцукйцукывапваыдлптыважоипываощгйцукйцукывапваыдлптыважоипываощгйцукйцукывапваыдлптыважоипываощгйцукйцукывапваыдлптыважоипываощгйцукйцукывапваыдлптыважоипываощгйцукйцукывапваыдлптыважоипываощгйцукйцукывапваыдлптыважоипываощгйцукйцукывапваыдлптыважоипываощгйцукйцукывапваыдлптыважоипываощгйцукйцукывапваыдлптыважоипываощгйцукйцукывапваыдлптыважоипываощгйцукйцукывапваыдлптыважоипываощгйцукйцукывапваыдлптыважоипываощгйцукйцукывапваыдлптыважоипываощгйцукйцукывапваыдлптыважоипываощгйцукйцукывапваыдлптыважоипываощгйцукйцукывапваыдлптыважоипываощгйцукйцукывапваыдлптыважоипываощгйцукйцукывапваыдлптыважоипываощгйцукйцукывапваыдлптыважоипываощгйцукйцукывапваыдлптыважоипываощгйцукйцукывапваыдлптыважоипываощгйцукйцукывапваыдлптыважоипываощгйцукйцукывапваыдлптыважоипываощгйцукйцукывапваыдлптыважоипываощгйцукйцукывапваыдлптыважоипываощгйцукйцукывапваыдлптыважоипываощгйцукйцукывапваыдлптыважоипываощгйцукйцукывапваыдлптыважоипываощгйцукйцукывапваыдлптыважоипываощгйцукйцукывапваыдлптыважоипываощгйцукйцукывапваыдлптыважоипываощгйцукйцукывапваыдлптыважоипываощгйцукйцукывапваыдлптыважоипываощгйцукйцукывапваыдлптыважоипываощгйцукйцукывапваыдлптыважоипываощгйцукйцукывапваыдлптыважоипываощгйцукйцукывапваыдлптыважоипываощгйцукйцукывапваыдлптыважоипываощгйцукйцукывапваыдлптыважоипываощгйцукйцукывапваыдлптыважоипываощгйцукйцукывапваыдлптыважоипываощгйцукйцукывапваыдлптыважоипываощгйцукйцукывапваыдлптыважоипываощгйцукйцукывапваыдлптыважоипываощгйцукйцукывапваыдлптыважоипываощгйцукйцукывапваыдлптыважоипываощгйцукйцукывапваыдлптыважоипываощгм</p>",
    "visible": 1
  },
  {
    "id": 7,
    "image": "https://pp.userapi.com/c841339/v841339550/1b235/BXibh-CATOg.jpg",
    "date": "2017-09-14 08:24",
    "title": "Старая новость",
    "short": "щжфыврафыуовиалжфывиалоы",
    "text": "<p>щжфыврафыуовиалжфывиалоыщжфыврафыуовиалжфывиалоыщжфыврафыуовиалжфывиалоыщжфыврафыуовиалжфывиалоыщжфыврафыуовиалжфывиалоыщжфыврафыуовиалжфывиалоыщжфыврафыуовиалжфывиалоыщжфыврафыуовиалжфывиалоыщжфыврафыуовиалжфывиалоыщжфыврафыуовиалжфывиалоыщжфыврафыуовиалжфывиалоыщжфыврафыуовиалжфывиалоыщжфыврафыуовиалжфывиалоыщжфыврафыуовиалжфывиалоыщжфыврафыуовиалжфывиалоыщжфыврафыуовиалжфывиалоыщжфыврафыуовиалжфывиалоыщжфыврафыуовиалжфывиалоыщжфыврафыуовиалжфывиалоыщжфыврафыуовиалжфывиалоыщжфыврафыуовиалжфывиалоыщжфыврафыуовиалжфывиалоыщжфыврафыуовиалжфывиалоыщжфыврафыуовиалжфывиалоыщжфыврафыуовиалжфывиалоыщжфыврафыуовиалжфывиалоыщжфыврафыуовиалжфывиалоыщжфыврафыуовиалжфывиалоыщжфыврафыуовиалжфывиалоыщжфыврафыуовиалжфывиалоыщжфыврафыуовиалжфывиалоыщжфыврафыуовиалжфывиалоыщжфыврафыуовиалжфывиалоыщжфыврафыуовиалжфывиалоыщжфыврафыуовиалжфывиалоыщжфыврафыуовиалжфывиалоыщжфыврафыуовиалжфывиалоыщжфыврафыуовиалжфывиалоыщжфыврафыуовиалжфывиалоыщжфыврафыуовиалжфывиалоыщжфыврафыуовиалжфывиалоыщжфыврафыуовиалжфывиалоыщжфыврафыуовиалжфывиалоыщжфыврафыуовиалжфывиалоыщжфыврафыуовиалжфывиалоыщжфыврафыуовиалжфывиалоыщжфыврафыуовиалжфывиалоыщжфыврафыуовиалжфывиалоыщжфыврафыуовиалжфывиалоыщжфыврафыуовиалжфывиалоыщжфыврафыуовиалжфывиалоыщжфыврафыуовиалжфывиалоыщжфыврафыуовиалжфывиалоыщжфыврафыуовиалжфывиалоыщжфыврафыуовиалжфывиалоыщжфыврафыуовиалжфывиалоыщжфыврафыуовиалжфывиалоыщжфыврафыуовиалжфывиалоыщжфыврафыуовиалжфывиалоыщжфыврафыуовиалжфывиалоымм</p>",
    "visible": 1
  }
]