[
      {
          "id": 1,          
          "date": "2015-08-27 07:45",
          "title": "дsldhgf;a'skdjgjlajfетkjsadf;lasdjhfи и будlsdhjflkjsdдизм,TROLOLO рассццет педофелии",          
          "text": "bla bla blasdf sdf sdlfjhal jhfkl jdash ",          
      },
      {
          "id": 2,          
          "date": "2015-08-27 07:45",
          "title": "деlsdkjfashjdgти и будadsbfkljahfдизм,TROLOLO рассццет педофелии",          
          "text": "bla bla blaalskdjfa'dspjfa;dl'fj;alkdjf;alksdjfal;skdjfasldjfs;adljfsal;dkjfa;lskjfds;lakjfasl;dkjfblaalskdjfa'dspjfa;dl'fj;alkdjf;alksdjfal;skdjfasldjfs;adljfsal;dkjfa;lskjfds;lakjfasl;dkjfblasdf sdf sdlfjhal jhfkl jdash ",          
      },
      {
          "id": 3,          
          "date": "2015-08-27 07:45",
          "title": "деkadshfl;adfти и бalksdfуддизм,TROLOLO рассццет педофелии",          
          "text": "bla bla blaalskdjfa'dspjfa;dl'fj;alkdjf;alksdjfal;skdjfasldjfs;adljfsal;dkjfa;lskjfds;lakjfasl;dkjfsdf sdf sdlfjhal jhfkl jdash ",          
      },
      {
          "id": 4,          
          "date": "2015-08-27 07:45",
          "title": "дети и буддизм,TROLOLO рассццет педофелии",          
          "text": "bla bla blasdf sdf sdlfjhal jhfkl jdash blaalskdjfa'dspjfa;dl'fj;alkdjf;alksdjfal;skdjfasldjfs;adljfsal;dkjfa;lskjfds;lakjfasl;dkjfblaalskdjfa'dspjfa;dl'fj;alkdjf;alksdjfal;skdjfasldjfs;adljfsal;dkjfa;lskjfds;lakjfasl;dkjf",          
      },
      {
          "id": 5,          
          "date": "2015-08-27 07:45",
          "title": "дети и буддизм,TROLOLO рассццет педофелиипедофелиипедофелии",          
          "text": "bla bla blasdf sdf sdlfjhal jhfkl jdash blaalskdjfa'dspjfa;dl'fj;alkdjf;alksdjfal;skdjfasldjfs;adljfsal;dkjfa;lskjfds;lakjfasl;dkjf",          
      },
      {
          "id": 6,          
          "date": "2015-08-27 07:45",
          "title": "дети и буддизм,TROLOLO рассццет педофелиипедофелиипедофелиипедофелии",          
          "text": "bla bla blasdf sdf sdlfjhal jhfkl jdash blaalskdjfa'dspjfa;dl'fj;alkdjf;alksdjfal;skdjfasldjfs;adljfsal;dkjfa;lskjfds;lakjfasl;dkjf",          
      },
      {
          "id": 7,          
          "date": "2015-08-27 07:45",
          "title": "дети и буддизм,TROLOLO рассццеццеццет педофелии",          
          "text": "bla bla blasdf sdf sdlfjhal jhfkl jdash blaalskdjfa'dspjfa;dl'fj;alkdjf;alksdjfal;skdjfasldjfs;adljfsal;dkjfa;lskjfds;lakjfasl;dkjf",          
      },
      {
          "id": 8,          
          "date": "2015-08-27 07:45",
          "title": "дети и буддизм,TROLOLO рblaalskdjfa'dspjfa;dl'fj;alkdjf;alksdjfal;skdjfasldjfs;adljfsal;dkjfa;lskjfds;lakjfasl;dkjfассццет педофелии",          
          "text": "bla bla blasdf sdf sdlfjhal jhfkl jdash blaalskdjfa'dspjfa;dl'fj;alkdjf;alksdjfal;skdjfasldjfs;adljfsal;dkjfa;lskjfds;lakjfasl;dkjf",          
      }
  ]
