[
  {
    "id": 1,
    "date": "15.09.2017",
    "title": "Зухрай на сегодня",
    "text": "<p>Сегодня всё заебись</p>",
    "visible": 1
  },
  {
    "id": 2,
    "date": "16.09.2017",
    "title": "Зухрай на сегодня",
    "text": "<p>Сегодня всё заебись</p>",
    "visible": 1
  },
  {
    "id": 3,
    "date": "14.09.2017",
    "title": "зухрай на сегодня",
    "text": "<p>Сегодня всё заебись</p>",
    "visible": 1
  },
  {
    "id": 4,
    "date": "13.09.2017",
    "title": "Зухрай на сегодня",
    "text": "<p>Сегодня всё заебись</p>",
    "visible": 1
  }
]